车站,district
罗湖,罗湖
国贸,罗湖
老街,罗湖
大剧院,罗湖
科学馆,福田
华强路,福田
岗厦,福田
会展中心,福田
购物公园,福田
香蜜湖,福田
车公庙,福田
竹子林,福田
侨城东,南山
华侨城,南山
世界之窗,南山
白石洲,南山
高新园,南山
深大,南山
桃园,南山
大新,南山
鲤鱼门,南山
前海湾,南山
新安,宝安
宝安中心,宝安
宝体,宝安
坪洲,宝安
西乡,宝安
固戍,宝安
后瑞,宝安
机场东,宝安
赤湾,南山
蛇口港,南山
海上世界,南山
水湾,南山
东角头,南山
湾厦,南山
海月,南山
登良,南山
后海,南山
科苑,南山
红树湾,南山
世界之窗,南山
侨城北,南山
深康,福田
安托山,福田
侨香,福田
香蜜,福田
香梅北,福田
景田,福田
莲花西,福田
福田,福田
市民中心,福田
岗厦北,福田
华强北,福田
燕南,福田
大剧院,罗湖
湖贝,罗湖
黄贝岭,罗湖
新秀,罗湖
莲塘口岸,罗湖
仙湖路,罗湖
莲塘,罗湖
福保,福田
益田,福田
石厦,福田
购物公园,福田
福田,福田
少年宫,福田
莲花村,福田
华新,福田
通新岭,福田
红岭,福田
老街,罗湖
晒布,罗湖
翠竹,罗湖
田贝,罗湖
水贝,罗湖
草埔,罗湖
布吉,龙岗
木棉湾,龙岗
大芬,龙岗
丹竹头,龙岗
六约,龙岗
塘坑,龙岗
横岗,龙岗
永湖,龙岗
荷坳,龙岗
大运,龙岗
爱联,龙岗
吉祥,龙岗
龙城广场,龙岗
南联,龙岗
双龙,龙岗
牛湖,龙华
观澜湖,龙华
松元厦,龙华
观澜,龙华
长湖,龙华
茜坑,龙华
竹村,龙华
清湖北,龙华
清湖,龙华
龙华,龙华
龙胜,龙华
上塘,龙华
红山,龙华
深圳北站,龙华
白石龙,龙华
民乐,龙华
上梅林,福田
莲花北,福田
少年宫,福田
市民中心,福田
会展中心,福田
福民,福田
福田口岸,福田
黄贝岭,罗湖
怡景,罗湖
太安,罗湖
布心,罗湖
百鸽笼,龙岗
布吉,龙岗
长龙,龙岗
下水径,龙岗
上水径,龙岗
杨美,龙岗
坂田,龙岗
五和,龙岗
民治,龙华
深圳北站,龙华
长岭陂,南山
塘朗,南山
大学城,南山
西丽,南山
留仙洞,南山
兴东,宝安
洪浪北,宝安
灵芝,宝安
翻身,宝安
宝安中心,宝安
宝华,宝安
临海,宝安
前海湾,南山
桂湾,南山
前湾,南山
前湾公园,南山
妈湾,南山
铁路公园,南山
荔湾,南山
赤湾,南山
科学馆,福田
通新岭,福田
体育中心,福田
八卦岭,福田
银湖,罗湖
翰岭,福田
梅林关,龙华
深圳北站,龙华
红山,龙华
上芬,龙华
元芬,龙华
阳台山东,龙华
官田,宝安
上屋,宝安
长圳,光明
凤凰城,光明
光明大街,光明
光明,光明
科学公园,光明
楼村,光明
红花山,光明
公明广场,光明
合水口,光明
薯田埔,光明
松岗公园,宝安
溪头,宝安
松岗,宝安
西丽湖,南山
西丽,南山
茶光,南山
珠光,南山
龙井,南山
桃源村,南山
深云,南山
安托山,福田
农林,福田
车公庙,福田
上沙,福田
沙尾,福田
石厦,福田
皇岗村,福田
福民,福田
皇岗口岸,福田
赤尾,福田
华强南,福田
华强北,福田
华新,福田
黄木岗,福田
八卦岭,福田
红岭北,福田
笋岗,罗湖
洪湖,罗湖
田贝,罗湖
太安,罗湖
梧桐山南,罗湖
沙头角,盐田
海山,盐田
盐田港西,盐田
深外高中,盐田
盐田路,盐田
前湾,南山
梦海,南山
怡海,南山
荔林,南山
南油西,南山
南油,南山
南山书城,南山
深大南,南山
粤海门,南山
高新南,南山
红树湾南,南山
深湾,南山
深圳湾公园,福田
下沙,福田
车公庙,福田
香梅,福田
景田,福田
梅景,福田
下梅林,福田
梅村,福田
上梅林,福田
孖岭,福田
银湖,罗湖
泥岗,罗湖
红岭北,福田
园岭,福田
红岭,福田
红岭南,罗湖
鹿丹村,罗湖
人民南,罗湖
向西村,罗湖
文锦,罗湖
福田口岸,福田
福民,福田
岗厦,福田
岗厦北,福田
莲花村,福田
冬瓜岭,福田
孖岭,福田
雅宝,龙岗
南坑,龙岗
光雅园,龙岗
五和,龙岗
坂田北,龙岗
贝尔路,龙岗
华为,龙岗
岗头,龙岗
雪象,龙岗
甘坑,龙岗
凉帽山,龙岗
上李朗,龙岗
木古,龙岗
华南城,龙岗
禾花,龙岗
平湖,龙岗
双拥街,龙岗
福田,福田
车公庙,福田
红树湾南,南山
后海,南山
南山,南山
前海湾,南山
宝安,宝安
碧海湾,宝安
机场,宝安
机场北,宝安
福永,宝安
桥头,宝安
塘尾,宝安
马安山,宝安
沙井,宝安
后亭,宝安
松岗,宝安
碧头,宝安
机场北,宝安
国展中心南,宝安
国展中心,宝安
国展北,宝安
会展城,宝安
